City_ID,City,Lat,Lng,Max Temp,Humidity,Cloudiness,Wind Speed,Country,Date
0,iqaluit,63.7506,-68.5145,-24.15,70,100,5.66,CA,1674578860
1,pevek,69.7008,170.3133,-25.18,73,94,1.38,RU,1674578754
2,punta arenas,-53.15,-70.9167,12.01,46,40,14.4,CL,1674578547
3,gold coast,-28.0,153.4333,23.43,93,40,1.54,AU,1674579051
4,karratha,-20.7377,116.8463,28.9,68,52,2.11,AU,1674578737
5,jeremie,18.65,-74.1167,27.48,61,9,3.35,HT,1674579052
6,hoquiam,46.9809,-123.8893,8.33,94,100,1.54,US,1674579006
7,rikitea,-23.1203,-134.9692,26.05,70,27,7.95,PF,1674578932
8,vila franca do campo,37.7167,-25.4333,15.23,78,82,5.8,PT,1674578859
9,avarua,-21.2078,-159.775,22.03,100,34,0.51,CK,1674578978
10,ous,60.9058,61.5186,-8.64,85,84,3.37,RU,1674579053
11,puerto ayora,-0.7393,-90.3518,26.98,91,11,1.79,EC,1674578587
12,port elizabeth,-33.918,25.5701,21.16,75,40,9.77,ZA,1674578804
13,jamestown,42.097,-79.2353,0.77,68,100,6.69,US,1674578936
14,chuy,-33.6971,-53.4616,29.92,29,1,4.28,UY,1674579042
15,kamenka,51.3223,42.7678,-7.54,85,54,2.33,RU,1674578889
16,clyde river,70.4692,-68.5914,-28.87,76,100,8.23,CA,1674578848
17,hilo,19.7297,-155.09,21.82,95,100,3.6,US,1674578970
18,poum,-20.2333,164.0167,27.05,80,9,2.94,NC,1674579056
19,bluff,-46.6,168.3333,9.55,87,21,1.56,NZ,1674579026
20,saint-francois,46.4154,3.9054,2.69,87,100,1.03,FR,1674579056
21,ushuaia,-54.8,-68.3,8.79,76,40,2.57,AR,1674579057
22,touros,-5.1989,-35.4608,29.05,61,65,6.17,BR,1674578728
23,new norfolk,-42.7826,147.0587,15.51,75,76,1.11,AU,1674578677
24,livingston,55.9029,-3.5226,9.61,92,75,4.12,GB,1674578786
25,kenora,49.8167,-94.4337,-11.46,79,75,2.06,CA,1674578773
26,puerto escondido,15.85,-97.0667,28.57,53,3,2.42,MX,1674578802
27,ilulissat,69.2167,-51.1,-3.99,54,75,5.14,GL,1674578855
28,kapaa,22.0752,-159.319,19.99,88,20,4.12,US,1674578727
29,lagoa,39.05,-27.9833,14.85,84,49,10.29,PT,1674578869
30,mirnyy,62.5353,113.9611,-30.26,98,100,0.91,RU,1674579059
31,port hedland,-20.3167,118.5667,28.03,83,40,3.6,AU,1674579060
32,freeport,40.6576,-73.5832,7.51,54,0,8.75,US,1674579060
33,leshan,29.5623,103.7639,5.55,49,82,0.91,CN,1674579061
34,san juan,-31.5375,-68.5364,35.97,20,0,5.62,AR,1674579061
35,petropavlovsk-kamchatskiy,53.0452,158.6483,-19.57,71,0,5.0,RU,1674579061
36,carnarvon,-24.8667,113.6333,24.4,78,0,6.07,AU,1674579003
37,bathsheba,13.2167,-59.5167,29.34,54,20,11.32,BB,1674578734
38,maraa,-1.8333,-65.3667,31.43,51,100,2.16,BR,1674579063
39,albany,42.6001,-73.9662,1.83,74,95,1.79,US,1674578810
40,honggang,46.4667,124.8667,-26.92,87,7,2.53,CN,1674579064
41,sorland,67.667,12.6934,3.92,90,100,10.9,NO,1674578748
42,araceli,10.5529,119.9913,26.31,82,100,12.4,PH,1674579064
43,castro,-24.7911,-50.0119,27.0,54,5,3.15,BR,1674578801
44,butaritari,3.0707,172.7902,27.09,78,76,8.3,KI,1674578677
45,faanui,-16.4833,-151.75,27.59,69,100,6.7,PF,1674579069
46,bandarbeyla,9.4942,50.8122,24.36,70,20,7.42,SO,1674579069
47,busselton,-33.65,115.3333,16.23,83,5,6.22,AU,1674578689
48,bulgan,48.8125,103.5347,-21.57,88,100,1.79,MN,1674578986
49,ahipara,-35.1667,173.1667,17.57,86,95,4.46,NZ,1674578766
50,longyearbyen,78.2186,15.6401,-1.09,69,40,6.69,SJ,1674578832
51,kang,-23.6752,22.7876,30.47,28,75,4.62,BW,1674579071
52,arman,59.7,150.1667,-21.66,85,100,5.53,RU,1674579072
53,narsaq,60.9167,-46.05,-4.88,89,100,2.66,GL,1674578755
54,grindavik,63.8424,-22.4338,4.26,100,75,5.66,IS,1674578844
55,qingquan,30.4511,115.2559,-1.98,44,0,1.45,CN,1674579073
56,alofi,-19.0595,-169.9187,20.94,100,9,0.0,NU,1674578790
57,nikolayevka,53.1257,47.2041,-12.11,90,79,2.41,RU,1674579074
58,port blair,11.6667,92.75,27.02,69,27,3.09,IN,1674578805
59,port alfred,-33.5906,26.891,21.21,83,72,4.02,ZA,1674578735
60,cockburn town,21.4612,-71.1419,25.49,66,7,6.42,TC,1674578959
61,mersing,2.4312,103.8405,21.95,100,40,2.57,MY,1674579075
62,korla,41.7597,86.1469,-13.23,70,28,1.91,CN,1674579076
63,jieshi,22.8134,115.8257,10.03,51,55,5.43,CN,1674579076
64,andenes,69.3143,16.1194,1.99,75,75,8.23,NO,1674579077
65,saldanha,-33.0117,17.9442,21.03,62,32,7.97,ZA,1674579077
66,saint-augustin,51.226,-58.6502,-2.82,92,100,9.59,CA,1674579078
67,brae,60.3964,-1.353,9.44,86,100,12.75,GB,1674579078
68,dagana,16.5165,-15.5068,32.95,13,67,2.24,MR,1674579079
69,kavieng,-2.5744,150.7967,27.2,77,70,3.16,PG,1674578812
70,ryde,50.73,-1.1621,3.7,86,10,1.79,GB,1674579079
71,hobart,-42.8794,147.3294,15.7,95,100,0.0,AU,1674578990
72,hofn,64.2539,-15.2082,5.29,86,100,4.26,IS,1674578777
73,laguna,38.421,-121.4238,8.77,88,0,0.0,US,1674579081
74,tefe,-3.3542,-64.7114,31.06,74,75,2.06,BR,1674579072
75,qaanaaq,77.484,-69.3632,-24.32,63,19,3.48,GL,1674578767
76,dunedin,-45.8742,170.5036,13.78,91,99,2.24,NZ,1674578497
77,hithadhoo,-0.6,73.0833,27.09,76,78,6.1,MV,1674578972
78,thompson,55.7435,-97.8558,-33.91,75,0,1.03,CA,1674578547
79,hasaki,35.7333,140.8333,-2.62,47,100,14.3,JP,1674578750
80,saint-philippe,-21.3585,55.7679,23.77,90,100,7.06,RE,1674578968
81,havoysund,70.9963,24.6622,2.13,68,99,17.98,NO,1674579083
82,grand gaube,-20.0064,57.6608,24.22,85,100,1.34,MU,1674578731
83,arraial do cabo,-22.9661,-42.0278,27.98,74,75,2.06,BR,1674578756
84,erzin,36.9559,36.2,12.1,53,1,2.43,TR,1674579084
85,tuktoyaktuk,69.4541,-133.0374,-23.0,77,100,5.66,CA,1674578876
86,sorong,-0.8833,131.25,26.57,81,100,3.2,ID,1674579085
87,dukat,62.55,155.55,-25.93,98,100,1.52,RU,1674579086
88,havre,49.5833,0.3333,3.44,86,100,2.06,FR,1674579086
89,camana,-16.6228,-72.7111,24.56,76,70,3.82,PE,1674579088
90,waverly,42.7392,-84.6208,1.19,74,0,7.2,US,1674579088
91,palmer,42.1584,-72.3287,4.25,72,75,5.14,US,1674579089
92,bredasdorp,-34.5322,20.0403,18.51,48,88,7.05,ZA,1674578783
93,shasta lake,40.6804,-122.3708,10.4,62,9,2.75,US,1674579002
94,yellowknife,62.456,-114.3525,-14.71,85,100,4.12,CA,1674578696
95,yaan,7.3833,8.5667,35.79,12,77,2.78,NG,1674579090
96,vaini,-21.2,-175.2,25.09,94,20,2.06,TO,1674579091
97,ostrovnoy,68.0531,39.5131,-3.57,78,7,11.35,RU,1674579005
98,roma,43.2128,-75.4557,1.57,83,100,4.63,US,1674579091
99,fortuna,40.5982,-124.1573,3.51,93,0,4.63,US,1674578710
100,klaksvik,62.2266,-6.589,8.51,94,100,14.25,FO,1674578969
101,ust-nera,64.5667,143.2,-40.88,99,54,0.79,RU,1674579092
102,ewa beach,21.3156,-158.0072,21.34,88,0,1.54,US,1674579093
103,tevaitoa,-16.7833,-151.5,27.45,71,100,6.51,PF,1674578835
104,tiznit,29.5833,-9.5,14.8,37,0,3.25,MA,1674578887
105,zhiryatino,53.2228,33.7306,-3.82,66,1,0.56,RU,1674579094
106,pisco,-13.7,-76.2167,23.9,78,0,3.6,PE,1674579094
107,chabahar,25.2919,60.643,17.93,32,0,1.95,IR,1674579095
108,east london,-33.0153,27.9116,18.52,88,75,6.69,ZA,1674578544
109,labuhan,-6.8844,112.2051,25.94,85,100,1.84,ID,1674578787
110,omsukchan,62.5333,155.8,-25.64,98,100,2.0,RU,1674579096
111,maiduguri,11.8464,13.1603,28.24,13,72,4.24,NG,1674579096
112,campbell river,50.0163,-125.2446,5.74,100,100,1.54,CA,1674579096
113,airai,-8.9266,125.4092,16.14,94,100,0.46,TL,1674578834
114,mogok,22.9167,96.5,12.62,46,4,0.79,MM,1674579097
115,llanes,43.4198,-4.7549,8.04,85,100,3.31,ES,1674579098
116,awbari,26.5921,12.7805,17.96,15,2,5.05,LY,1674579098
117,mount gambier,-37.8333,140.7667,10.94,94,7,1.1,AU,1674578778
118,tiverton,50.9,-3.4833,3.91,85,10,0.89,GB,1674579099
119,sabla,12.7525,4.7077,33.15,9,61,3.25,NG,1674579099
120,mataura,-46.1927,168.8643,6.45,99,19,0.91,NZ,1674578739
121,barcelos,41.5388,-8.6151,12.05,61,0,1.5,PT,1674579042
122,margate,51.3813,1.3862,4.94,82,90,1.34,GB,1674578688
123,vucje,42.8653,21.9114,3.44,93,100,1.57,RS,1674579100
124,pitimbu,-7.4706,-34.8086,29.33,64,26,5.04,BR,1674578796
125,saskylakh,71.9167,114.0833,-24.99,100,100,0.19,RU,1674578828
126,eidsvag,62.7767,8.0668,13.36,97,100,3.87,NO,1674579101
127,beringovskiy,63.05,179.3167,-24.37,96,93,5.78,RU,1674578818
128,dikson,73.5069,80.5464,-20.15,95,100,14.66,RU,1674578954
129,nikolskoye,59.7035,30.7861,-1.06,94,99,3.25,RU,1674579013
130,zalantun,48.0,122.7167,-27.28,79,9,1.99,CN,1674578989
131,itarema,-2.9248,-39.9167,29.23,61,58,4.32,BR,1674578851
132,atuona,-9.8,-139.0333,26.02,74,2,8.76,PF,1674578729
133,beloha,-25.1667,45.05,24.43,78,83,9.42,MG,1674578861
134,marsabit,2.3284,37.9899,24.79,34,64,4.98,KE,1674579103
135,de-kastri,51.4667,140.7833,-27.9,97,100,7.09,RU,1674579104
136,katsuura,35.1333,140.3,-0.29,47,100,14.44,JP,1674579033
137,areosa,41.7178,-8.8571,10.99,56,0,1.75,PT,1674579105
138,turukhansk,65.8167,87.9833,-33.03,91,12,3.13,RU,1674578883
139,oranjemund,-28.55,16.4333,19.06,75,5,11.09,,1674579106
140,barrow,71.2906,-156.7887,-21.99,77,100,10.8,US,1674579106
141,anadyr,64.75,177.4833,-21.72,77,0,5.0,RU,1674579107
142,marzuq,14.4,46.4667,17.2,78,2,3.56,YE,1674579107
143,lamu,-2.2717,40.902,27.12,83,100,4.47,KE,1674579107
144,half moon bay,37.4636,-122.4286,12.93,59,0,5.66,US,1674578854
145,ouegoa,-20.35,164.4333,26.05,84,9,2.25,NC,1674579108
146,kodiak,57.79,-152.4072,2.73,87,100,2.06,US,1674578740
147,marrakesh,31.6315,-8.0083,16.04,25,0,4.63,MA,1674579109
148,ballina,-28.8667,153.5667,20.56,99,92,2.0,AU,1674579109
149,lorengau,-2.0226,147.2712,25.53,83,100,1.31,PG,1674578873
150,sicamous,50.8331,-118.9856,-3.78,94,100,0.74,CA,1674579110
151,aksha,50.2814,113.2867,-30.27,91,93,1.21,RU,1674579111
152,hermanus,-34.4187,19.2345,19.89,53,90,6.51,ZA,1674578965
153,provideniya,64.3833,-173.3,-20.35,82,0,7.11,RU,1674579043
154,cuamba,-14.8031,36.5372,20.43,93,100,1.15,MZ,1674579113
155,kivsharivka,49.6213,37.7036,-2.17,70,8,3.82,UA,1674579113
156,ritchie,-29.038,24.6028,27.56,23,74,8.25,ZA,1674579114
157,nabire,-3.3667,135.4833,24.37,91,100,1.17,ID,1674579114
158,codrington,-38.2667,141.9667,12.66,87,26,0.42,AU,1674578982
159,hobyo,5.3505,48.5268,24.61,73,79,9.34,SO,1674579115
160,wilmington,34.2257,-77.9447,11.61,51,0,2.06,US,1674579115
161,lima,-12.0432,-77.0282,23.14,73,20,5.66,PE,1674578527
162,ohrid,41.1172,20.8019,5.94,75,75,2.57,MK,1674579116
163,raga,8.4596,25.678,27.54,19,33,1.89,SS,1674579117
164,umm lajj,25.0213,37.2685,23.06,64,0,2.98,SA,1674578872
165,atbasar,51.8,68.3333,-19.42,100,73,2.96,KZ,1674579117
166,batagay,67.6333,134.6333,-47.76,98,29,1.43,RU,1674579118
167,lebu,-37.6167,-73.65,17.2,63,2,6.39,CL,1674579118
168,georgetown,5.4112,100.3354,24.99,88,20,1.54,MY,1674579036
169,banes,20.9625,-75.7186,28.13,53,5,6.26,CU,1674579119
170,fairbanks,64.8378,-147.7164,-19.02,76,75,0.0,US,1674578768
171,tasiilaq,65.6145,-37.6368,-7.91,67,99,2.8,GL,1674578784
172,geraldton,-28.7667,114.6,22.23,83,100,7.2,AU,1674578747
173,khatanga,71.9667,102.5,-39.04,96,68,3.19,RU,1674578686
174,rovaniemi,66.5,25.7167,-6.33,93,0,3.6,FI,1674579121
175,chimoio,-19.1164,33.4833,26.92,65,75,0.52,MZ,1674579121
176,santiago del estero,-27.7951,-64.2615,40.18,23,0,7.28,AR,1674578985
177,sonari,27.0667,95.0333,18.03,56,44,1.34,IN,1674579122
178,bambous virieux,-20.3428,57.7575,24.14,88,75,1.54,MU,1674578846
179,labuan,5.2767,115.2417,25.2,94,40,2.68,MY,1674579123
180,severo-kurilsk,50.6789,156.125,-4.25,74,100,11.67,RU,1674579044
181,chunhuhub,19.55,-88.6833,30.5,47,45,3.38,MX,1674579124
182,yining,29.0361,114.5636,-1.49,47,0,1.08,CN,1674579124
183,cherskiy,68.75,161.3,-32.08,98,100,1.22,RU,1674578741
184,san felipe,10.3399,-68.7425,30.52,50,96,2.28,VE,1674579125
185,amahai,-3.3333,128.9167,25.61,87,99,1.05,ID,1674579126
186,itapirapua,-15.8233,-50.6133,26.44,80,100,1.43,BR,1674579098
187,grand-santi,4.25,-54.3833,28.24,63,60,2.45,GF,1674579127
188,chute-aux-outardes,49.1168,-68.399,-4.01,80,75,6.69,CA,1674579127
189,tema,5.667,-0.0166,29.75,64,36,5.29,GH,1674579128
190,salinopolis,-0.6136,-47.3561,26.21,86,77,4.8,BR,1674579129
191,haines junction,60.7522,-137.5108,-6.95,98,100,1.38,CA,1674578679
192,kropotkin,45.4375,40.5756,2.96,62,3,5.6,RU,1674578934
193,birao,10.2849,22.7882,27.64,11,94,2.48,CF,1674579129
194,norman wells,65.282,-126.8329,-22.98,77,100,2.06,CA,1674578852
195,kavaratti,10.5669,72.642,26.49,77,100,4.72,IN,1674578456
196,gamba,-2.65,10.0,27.32,73,50,2.92,GA,1674579130
197,balaipungut,1.05,101.2833,22.12,99,100,1.26,ID,1674579131
198,yar-sale,66.8333,70.8333,-16.33,99,100,2.92,RU,1674578839
199,vanimo,-2.6741,141.3028,24.48,91,100,1.01,PG,1674578861
200,uray,60.1247,64.7758,-10.03,93,39,3.52,RU,1674579132
201,cape town,-33.9258,18.4232,21.88,52,75,7.72,ZA,1674578689
202,sovetskiy,61.3614,63.5842,-12.38,92,58,2.15,RU,1674579133
203,bethel,41.3712,-73.414,6.41,63,0,8.75,US,1674578998
204,chestermere,51.0334,-113.8187,2.37,55,75,6.69,CA,1674579134
205,ekhabi,53.5102,142.9671,-21.84,95,100,8.85,RU,1674579134
206,victoria,22.2855,114.1577,12.03,45,34,4.92,HK,1674578848
207,caravelas,-17.7125,-39.2481,30.11,62,100,5.24,BR,1674578883
208,ponta do sol,32.6667,-17.1,18.73,60,43,2.87,PT,1674578819
209,yumen,40.2833,97.2,-12.41,37,51,9.21,CN,1674578827
210,harlingen,26.1906,-97.6961,26.14,83,20,14.4,US,1674578886
211,matina,10.0761,-83.2895,27.93,61,4,2.41,CR,1674579136
212,springbok,-29.6643,17.8865,19.23,49,0,7.97,ZA,1674579136
213,namibe,-15.1961,12.1522,24.88,77,81,3.73,AO,1674579025
214,kungurtug,50.5994,97.5228,-24.7,99,99,0.71,RU,1674579137
215,san luis,-33.295,-66.3356,31.86,37,23,3.24,AR,1674579133
216,mae sai,20.4335,99.8762,16.1,66,5,0.88,TH,1674579138
217,liberty,31.8335,-81.5004,14.04,66,0,2.68,US,1674579139
218,mitsamiouli,-11.3847,43.2844,27.41,79,100,4.96,KM,1674578784
219,fukue,32.6881,128.8419,0.81,75,100,14.75,JP,1674579041
220,oytal,42.9057,73.2697,-10.66,79,98,1.75,KZ,1674579140
221,torbay,47.6666,-52.7314,5.77,94,100,8.23,CA,1674579140
222,oistins,13.0667,-59.5333,29.05,54,20,11.32,BB,1674579081
223,mar del plata,-38.0023,-57.5575,33.01,27,0,7.72,AR,1674578826
224,port macquarie,-31.4333,152.9167,18.83,93,88,3.61,AU,1674579141
225,iralaya,15.0,-83.2333,26.3,82,95,6.42,HN,1674579142
226,rakiv lis,51.6217,24.9243,0.74,90,67,2.95,UA,1674579142
227,kiomboi,-4.2667,34.3667,17.81,79,93,2.34,TZ,1674579143
228,san cristobal,7.7669,-72.225,22.1,46,86,3.44,VE,1674579143
229,vestmannaeyjar,63.4427,-20.2734,6.55,87,75,12.35,IS,1674579040
230,cidreira,-30.1811,-50.2056,27.17,68,2,5.6,BR,1674579144
231,pasni,25.2631,63.471,15.53,32,0,10.58,PK,1674579145
232,vao,-22.6667,167.4833,25.59,80,6,0.92,NC,1674579046
233,vila velha,-20.3297,-40.2925,30.97,81,40,3.6,BR,1674578864
234,lyngseidet,69.5763,20.2189,3.0,90,97,4.55,NO,1674579146
235,zhanakorgan,43.9098,67.2495,-4.36,78,100,3.94,KZ,1674579146
236,praxedis guerrero,31.3667,-106.0167,2.58,47,38,9.3,MX,1674579147
237,san jeronimo,-11.9472,-75.2829,15.21,52,97,1.3,PE,1674579147
238,shache,38.4167,77.2406,-12.49,92,89,1.81,CN,1674579148
239,sena madureira,-9.0656,-68.6569,27.22,83,96,2.19,BR,1674579149
240,laredo,27.5064,-99.5075,15.16,94,100,3.6,US,1674579149
241,tuatapere,-46.1333,167.6833,7.72,93,32,1.3,NZ,1674579150
242,astoria,46.1879,-123.8313,6.03,96,100,2.06,US,1674579150
243,san rafael,-34.6177,-68.3301,33.42,23,0,4.62,AR,1674579049
244,farafangana,-22.8167,47.8333,24.52,92,100,3.34,MG,1674579151
245,auburn,47.3073,-122.2284,5.67,90,100,4.63,US,1674578481
246,ancud,-41.8697,-73.8203,15.66,56,35,4.64,CL,1674578861
247,biltine,14.5333,20.9167,27.68,8,100,3.92,TD,1674579152
248,skjervoy,70.0311,20.9714,3.0,79,100,16.22,NO,1674579153
249,ribeira grande,38.5167,-28.7,17.22,77,40,10.29,PT,1674578761
250,batemans bay,-35.7167,150.1833,20.61,96,100,1.35,AU,1674579153
251,matao,-21.6033,-48.3658,25.86,73,100,2.3,BR,1674579154
252,salalah,17.0151,54.0924,24.05,60,75,4.63,OM,1674578753
253,coromandel,-18.4733,-47.2003,23.78,74,100,3.89,BR,1674579155
254,malartic,48.1335,-78.1328,-11.94,85,100,3.69,CA,1674579155
255,limon,10.0,-83.0333,30.03,69,0,1.54,CR,1674579156
256,upernavik,72.7868,-56.1549,-16.73,76,100,2.36,GL,1674578752
257,san patricio,28.017,-97.5169,22.71,88,100,9.26,US,1674578945
258,nandyal,15.4833,78.4833,21.34,69,36,3.94,IN,1674579157
259,anloga,5.7947,0.8973,28.68,73,11,6.53,GH,1674579157
260,luganville,-15.5333,167.1667,25.62,85,99,0.83,VU,1674579158
261,porto novo,6.4965,2.6036,30.9,67,3,4.51,BJ,1674579158
262,westport,41.1415,-73.3579,6.87,55,0,7.6,US,1674579112
263,souillac,-20.5167,57.5167,24.21,88,75,1.54,MU,1674578866
264,taitung,22.7583,121.1444,13.04,83,100,9.87,TW,1674579159
265,najran,17.4924,44.1277,22.36,34,2,2.02,SA,1674579057
266,boyuibe,-20.4167,-63.2833,34.2,36,95,4.06,BO,1674579160
267,senneterre,48.3835,-77.2328,-15.33,87,100,3.98,CA,1674579162
268,luderitz,-26.6481,15.1594,21.35,62,4,14.16,,1674578937
269,pauini,-7.7136,-66.9764,27.29,82,83,1.87,BR,1674579162
270,zhangye,38.9342,100.4517,-13.9,55,0,1.95,CN,1674579163
271,bengkulu,-3.8004,102.2655,23.21,95,100,3.38,ID,1674578790
272,idar,49.7167,7.3,1.08,87,100,0.89,DE,1674579163
273,baykit,61.67,96.37,-38.22,97,26,0.88,RU,1674578943
274,college,64.8569,-147.8028,-19.03,75,100,0.0,US,1674579164
275,mongo,12.1844,18.693,30.28,10,95,3.53,TD,1674579165
276,tiksi,71.6872,128.8694,-30.81,99,100,2.19,RU,1674578732
277,vokhma,58.9303,46.7586,-9.72,95,100,3.94,RU,1674579165
278,tezu,27.9167,96.1667,15.8,37,4,1.88,IN,1674579166
279,faya,18.3851,42.4509,14.06,72,13,1.8,SA,1674578960
280,calabozo,8.9242,-67.4293,33.2,33,73,4.48,VE,1674579166
281,noumea,-22.2763,166.4572,27.78,99,3,1.02,NC,1674579167
282,honiara,-9.4333,159.95,24.67,90,99,1.43,SB,1674579167
283,chokurdakh,70.6333,147.9167,-29.95,96,100,0.82,RU,1674579168
284,contamana,-7.3333,-75.0167,30.47,52,80,2.87,PE,1674579168
285,la ronge,55.1001,-105.2842,-13.86,78,100,1.54,CA,1674578774
286,coihaique,-45.5752,-72.0662,14.34,44,40,4.63,CL,1674579169
287,bac lieu,9.285,105.7244,25.47,73,100,10.03,VN,1674579169
288,cayenne,4.9333,-52.3333,28.02,65,100,5.14,GF,1674579170
289,nizwa,22.9333,57.5333,15.27,65,89,2.57,OM,1674579171
290,mahebourg,-20.4081,57.7,24.16,88,75,1.54,MU,1674578858
291,selenduma,50.9131,106.2406,-32.73,95,77,0.96,RU,1674579171
292,banjar,-8.19,114.9675,25.18,89,100,1.49,ID,1674579172
293,emba,48.8264,58.1442,-16.24,96,9,2.47,KZ,1674579172
294,ngunguru,-35.6167,174.5,19.5,67,88,6.79,NZ,1674578995
295,lompoc,34.6391,-120.4579,12.55,72,0,4.12,US,1674579173
296,savannah bight,16.45,-85.85,25.51,80,13,7.15,HN,1674579174
297,nantucket,41.2835,-70.0995,5.08,65,100,9.26,US,1674578863
298,aksu,41.1231,80.2644,-15.67,89,13,2.33,CN,1674579174
299,hualmay,-11.0964,-77.6139,24.34,70,90,4.34,PE,1674578763
300,ouadda,8.0777,22.4007,27.38,16,45,2.12,CF,1674579175
301,road town,18.4167,-64.6167,29.05,65,40,5.14,VG,1674578776
302,shimanovsk,52.0,127.7,-35.83,100,52,0.39,RU,1674579176
303,pacific grove,36.6177,-121.9166,9.68,70,0,3.58,US,1674578823
304,lakes entrance,-37.8811,147.981,16.51,82,87,1.85,AU,1674579176
305,jacmel,18.2342,-72.5347,28.01,47,7,2.93,HT,1674579177
306,port-gentil,-0.7193,8.7815,28.98,79,40,4.63,GA,1674579177
307,alice springs,-23.7,133.8833,31.23,40,43,1.34,AU,1674579178
308,pangody,65.85,74.4859,-15.34,95,100,7.61,RU,1674579179
309,kansanshi,-12.0951,26.4273,16.86,96,90,2.34,ZM,1674579179
310,trinidad,-14.8333,-64.9,28.99,74,75,4.12,BO,1674579180
311,nanortalik,60.1432,-45.2371,-0.98,78,100,2.42,GL,1674578994
312,tamale,9.4008,-0.8393,37.77,18,44,2.78,GH,1674579017
313,roald,62.5833,6.1333,12.08,71,75,7.72,NO,1674578829
314,sri aman,1.2376,111.4621,25.05,94,100,0.0,MY,1674579181
315,tilichiki,60.4667,166.1,-16.81,84,100,4.82,RU,1674579182
316,belaya gora,68.5333,146.4167,-31.74,97,100,1.35,RU,1674578811
317,pashiya,58.4324,58.2562,-13.81,97,100,1.99,RU,1674579183
318,liberia,6.5,-9.5,30.99,52,100,3.54,LR,1674578944
319,mae hong son,19.3003,97.9685,18.02,55,1,0.98,TH,1674579184
320,parauna,-16.9478,-50.4486,25.18,74,100,2.17,BR,1674579184
321,saint george,37.1041,-113.5841,5.14,59,0,0.45,US,1674578710
322,benjamin constant,-4.3831,-70.0311,29.07,74,75,1.54,BR,1674579185
323,xinzhi,36.4989,111.7047,-8.93,31,88,1.09,CN,1674579186
324,bud,39.447,-86.1758,4.94,79,100,2.83,US,1674579186
325,middelburg,-25.7751,29.4648,23.72,26,3,3.76,ZA,1674579187
326,byron bay,-28.65,153.6167,20.52,92,99,3.38,AU,1674579114
327,fort nelson,58.8053,-122.7002,-14.23,85,20,1.03,CA,1674578867
328,itambacuri,-18.0311,-41.685,29.94,67,93,1.69,BR,1674579188
329,bardiyah,31.7561,25.0865,15.97,66,0,4.38,LY,1674579189
330,gizo,-8.103,156.8419,26.61,80,99,3.64,SB,1674579189
331,acapulco,16.8634,-99.8901,26.9,61,0,2.06,MX,1674578967
332,broome,42.2506,-75.833,1.5,81,85,1.79,US,1674579190
333,turkmenabat,39.0733,63.5786,-5.01,86,98,1.03,TM,1674579191
334,west fargo,46.875,-96.9004,-6.1,88,100,8.23,US,1674579191
335,egvekinot,66.3167,-179.1667,-26.7,88,10,5.66,RU,1674579192
336,cabedelo,-6.9811,-34.8339,29.37,63,48,5.31,BR,1674579192
337,srednekolymsk,67.45,153.6833,-31.06,95,100,0.92,RU,1674579193
338,tarata,-17.6167,-66.0167,22.82,34,92,0.21,BO,1674579194
339,wanning,18.8003,110.3967,15.43,70,86,4.97,CN,1674579194
340,ginda,30.6945,78.4932,7.4,64,100,1.35,IN,1674579195
341,erdaojiang,41.7764,126.0319,-25.89,93,8,1.0,CN,1674579195
342,tshikapa,-6.4167,20.8,22.6,92,96,1.76,CD,1674579196
343,gambela,8.25,34.5833,31.9,20,77,0.31,ET,1674579196
344,ruteng,-8.6136,120.4721,16.9,90,96,0.67,ID,1674578827
345,hurghada,27.2574,33.8129,22.02,49,0,4.63,EG,1674579197
346,nichinan,31.6,131.3667,-1.7,64,12,6.6,JP,1674579198
347,zhigansk,66.7697,123.3711,-44.63,96,100,3.71,RU,1674578989
348,kaitangata,-46.2817,169.8464,8.67,95,37,1.35,NZ,1674578951
349,zemetchino,53.4973,42.6163,-8.67,91,10,2.45,RU,1674579199
350,bacolod,10.6667,122.95,24.14,85,14,7.56,PH,1674579129
351,muros,42.7762,-9.0603,11.72,65,4,6.94,ES,1674579199
352,namatanai,-3.6667,152.4333,25.89,82,89,2.62,PG,1674578867
353,saint anthony,45.0205,-93.218,-3.93,86,0,2.57,US,1674578887
354,kawalu,-7.3817,108.2082,22.99,94,100,0.81,ID,1674578760
355,alcaniz,41.05,-0.1333,3.15,54,42,2.62,ES,1674579200
356,ulaanbaatar,47.9077,106.8832,-30.93,69,40,0.0,MN,1674579108
357,kantang,7.4054,99.5156,24.34,85,100,1.69,TH,1674579201
358,sitka,57.0531,-135.33,6.94,76,100,5.66,US,1674579001
359,calahorra,42.3051,-1.9652,3.95,66,48,4.77,ES,1674579202
360,mahibadhoo,3.7833,72.9667,26.19,80,100,6.53,MV,1674579140
361,la mana,-0.9333,-79.2167,26.31,82,94,1.62,EC,1674579203
362,birmensdorf,47.3551,8.4426,2.6,86,100,1.54,CH,1674579204
363,salvador,13.8333,-88.9167,27.25,39,3,1.22,SV,1674579175
364,pangnirtung,66.1451,-65.7125,-24.0,77,75,2.06,CA,1674579205
365,campina verde,-19.5356,-49.4864,27.25,70,100,3.32,BR,1674579148
366,praia da vitoria,38.7333,-27.0667,17.64,88,20,7.77,PT,1674579206
367,bulalacao,12.3254,121.3435,24.7,81,57,11.81,PH,1674579207
368,west bay,19.3667,-81.4167,30.04,70,40,6.17,KY,1674579207
369,sisimiut,66.9395,-53.6735,-9.32,90,100,3.86,GL,1674578845
370,kulhudhuffushi,6.6221,73.07,24.42,85,100,2.18,MV,1674579208
371,kahului,20.8947,-156.47,22.13,88,0,2.06,US,1674579209
372,koygorodok,60.445,50.9968,-10.18,93,100,3.71,RU,1674579209
373,zalesovo,53.9939,84.7431,-9.75,94,100,5.97,RU,1674579209
374,belen,36.4891,36.2233,8.5,58,0,1.23,TR,1674579210
375,port hardy,50.6996,-127.4199,5.1,100,100,3.6,CA,1674578732
376,necochea,-38.5473,-58.7368,21.57,74,89,3.46,AR,1674579211
377,yuzhno-kurilsk,44.0306,145.8556,-8.53,82,98,13.19,RU,1674579211
378,menongue,-14.6585,17.691,19.55,87,78,1.84,AO,1674578813
379,deputatskiy,69.3,139.9,-40.68,99,82,1.83,RU,1674579034
380,puerto leguizamo,-0.1934,-74.7819,27.47,74,83,1.25,CO,1674579212
381,goderich,43.7501,-81.7165,1.62,69,100,6.17,CA,1674579212
382,krasnoselkup,65.7,82.4667,-29.39,98,61,4.34,RU,1674578817
383,zhanaozen,43.3,52.8,-2.39,36,8,3.92,KZ,1674579213
384,hamilton,39.1834,-84.5333,5.12,76,0,3.09,US,1674579140
385,coxim,-18.5067,-54.76,29.02,70,100,2.59,BR,1674579214
386,khasan,42.4308,130.6434,-18.31,58,7,10.44,RU,1674579215
387,dingle,10.9995,122.6711,23.26,87,9,6.26,PH,1674579215
388,villa union,23.2,-106.2333,22.79,75,42,1.17,MX,1674579216
389,port augusta,-32.5,137.7667,20.54,71,0,5.47,AU,1674579216
390,libreville,0.3925,9.4537,31.01,70,20,3.6,GA,1674579127
391,pierre,44.3683,-100.351,2.7,74,0,4.63,US,1674578984
392,berlevag,70.8578,29.0864,1.0,80,75,18.01,NO,1674579217
393,broken hill,-31.95,141.4333,23.2,43,1,6.41,AU,1674579217
394,betare oya,5.6,14.0833,30.26,18,79,1.46,CM,1674579218
395,puerto del rosario,28.5004,-13.8627,19.86,56,20,8.23,ES,1674578814
396,antofagasta,-23.65,-70.4,23.6,70,29,4.56,CL,1674578987
397,conceicao do araguaia,-8.2578,-49.2647,32.42,54,15,0.87,BR,1674579219
398,portland,45.5234,-122.6762,4.97,93,75,0.89,US,1674578436
399,hinton,53.4001,-117.5857,-6.09,87,82,3.16,CA,1674579219
400,kaeo,-35.1,173.7833,18.88,77,93,5.53,NZ,1674579220
401,chiredzi,-21.05,31.6667,28.01,40,91,2.71,ZW,1674579220
402,vardo,70.3705,31.1107,-2.01,80,20,10.8,NO,1674579221
403,qaqortoq,60.7167,-46.0333,-1.72,81,100,3.13,GL,1674578945
404,kirkwood,38.5834,-90.4068,5.98,71,99,1.34,US,1674579187
405,constitucion,-35.3333,-72.4167,21.18,65,53,7.43,CL,1674578755
406,aldan,58.6031,125.3894,-35.27,96,100,2.1,RU,1674579222
407,lerwick,60.1545,-1.1494,10.0,89,100,12.99,GB,1674579223
408,coquimbo,-29.9533,-71.3436,21.85,68,0,5.66,CL,1674579053
409,obo,5.3998,26.4869,28.74,18,99,2.06,CF,1674579223
410,khanpur,28.6453,70.6567,12.91,20,0,3.73,PK,1674579224
411,yulara,-25.2406,130.9889,27.63,20,99,8.13,AU,1674578821
412,chapais,49.7834,-74.8492,-14.12,85,100,5.18,CA,1674578856
413,keningau,5.3378,116.1602,21.92,99,97,0.46,MY,1674579225
414,springdale,36.1867,-94.1288,2.77,84,100,3.6,US,1674579156
415,mount isa,-20.7333,139.5,24.87,73,86,3.09,AU,1674579226
416,sampit,-2.5333,112.95,23.31,98,100,1.18,ID,1674579227
417,lufilufi,-13.8745,-171.5986,22.88,77,28,6.01,WS,1674579227
418,ixtapa,20.7,-105.2,25.13,66,80,0.89,MX,1674579228
419,luxor,25.6989,32.6421,21.03,37,0,2.06,EG,1674579228
420,tabory,58.5198,64.5495,-8.6,93,29,3.12,RU,1674579229
421,pottsville,40.6857,-76.1955,5.7,69,47,2.68,US,1674579132
422,biak,-0.9131,122.8766,24.72,82,77,1.02,ID,1674578746
423,rawson,-43.3002,-65.1023,21.16,24,20,10.8,AR,1674578755
424,conakry,9.538,-13.6773,26.54,74,48,7.52,GN,1674579114
425,esperance,-33.8667,121.9,18.99,82,35,4.96,AU,1674578768
426,high prairie,55.4334,-116.4858,-1.71,87,90,4.28,CA,1674579001
427,kruisfontein,-34.0033,24.7314,18.82,70,81,8.56,ZA,1674578833
428,tautira,-17.7333,-149.15,26.43,80,98,6.02,PF,1674579231
429,paoua,7.2427,16.4406,29.68,15,67,1.67,CF,1674579231
430,ilo,-17.6394,-71.3375,24.48,57,0,4.63,PE,1674579232
431,sinnamary,5.3833,-52.95,25.38,73,61,4.27,GF,1674579232
432,stokmarknes,68.5646,14.9108,3.98,75,75,5.66,NO,1674579233
433,along,28.1667,94.7667,11.57,66,3,0.92,IN,1674579233
434,la maddalena,41.2142,9.4083,10.03,73,100,6.84,IT,1674579234
435,moree,-29.4667,149.85,23.46,39,7,2.74,AU,1674579235
436,lensk,60.7253,114.9278,-28.32,91,100,2.26,RU,1674579235
437,darfo,45.8779,10.1812,9.18,76,99,1.35,IT,1674579040
438,urumqi,43.801,87.6005,-21.47,84,37,1.0,CN,1674579036
439,karacakoy,41.4029,28.3834,7.04,82,100,6.54,TR,1674579236
440,mozarlandia,-14.7447,-50.5706,28.58,69,55,2.37,BR,1674579237
441,marakkanam,12.2,79.95,23.83,69,62,4.58,IN,1674579237
442,bilma,18.6853,12.9164,25.44,10,10,1.91,NE,1674578745
443,neuquen,-38.9516,-68.0591,23.94,16,0,8.23,AR,1674579238
444,monrovia,6.3005,-10.7969,30.87,72,91,5.11,LR,1674579212
445,nhulunbuy,-12.2333,136.7667,27.34,89,40,2.06,AU,1674579238
446,kailua,21.4022,-157.7394,21.36,93,15,0.45,US,1674579239
447,kiunga,-6.1219,141.2906,22.82,100,100,0.32,PG,1674578838
448,douglas,41.3,-96.167,2.03,87,100,4.12,US,1674578789
449,lunglei,22.8833,92.7333,12.06,56,17,1.53,IN,1674579240
450,iranshahr,27.2025,60.6848,11.19,17,0,2.06,IR,1674578936
451,kuryk,43.2,51.65,0.26,33,19,3.21,KZ,1674579240
452,alekseyevskaya,50.2896,42.1845,-8.14,91,78,1.66,RU,1674579241
453,kasempa,-13.4584,25.8338,18.73,91,99,2.98,ZM,1674579241
454,seguin,29.5688,-97.9647,11.31,96,99,2.68,US,1674579242
455,belturbet,54.1,-7.45,8.85,98,100,2.3,IE,1674578997
456,carauari,-4.8828,-66.8958,28.33,77,91,1.04,BR,1674579243
457,sale,34.0389,-6.8166,13.75,62,40,3.6,MA,1674579244
458,amherst,41.3978,-82.2224,2.4,79,75,3.6,US,1674579050
459,wajima,37.4,136.9,-4.29,79,100,12.98,JP,1674579244
460,santa rosa,14.3122,121.1114,26.72,78,96,7.67,PH,1674579037
461,lavrentiya,65.5833,-171.0,-26.04,96,33,5.1,RU,1674579245
462,youghal,51.95,-7.8506,9.56,100,97,2.87,IE,1674579246
463,guerrero negro,27.9769,-114.0611,13.23,33,20,1.31,MX,1674578757
464,ochsenfurt,49.6643,10.0623,2.94,95,87,3.23,DE,1674578964
465,omboue,-1.5746,9.2618,26.91,78,99,2.78,GA,1674579247
466,lata,40.1629,-8.3327,11.62,60,1,2.31,PT,1674579248
467,aklavik,68.2191,-135.0107,-22.0,84,100,1.54,CA,1674578859
468,ekibastuz,51.6667,75.3667,-14.7,93,54,5.73,KZ,1674579249
469,mayo,38.8876,-76.5119,8.95,50,0,3.6,US,1674579249
470,coos bay,43.3665,-124.2179,3.29,100,0,2.06,US,1674579250
471,tocopilla,-22.092,-70.1979,24.14,73,94,3.63,CL,1674579252
472,harper,4.375,-7.7169,28.5,70,88,4.58,LR,1674578888
473,nelson bay,-32.7167,152.15,22.78,97,14,3.58,AU,1674579253
474,ajaccio,42.0,8.9167,5.03,76,93,2.57,FR,1674579253
475,makat,47.6469,53.3463,-5.15,68,40,3.87,KZ,1674579254
476,manokwari,-0.8667,134.0833,25.37,81,100,1.54,ID,1674579254
477,port lincoln,-34.7333,135.8667,15.46,85,4,2.77,AU,1674579000
478,barreirinhas,-2.7469,-42.8264,28.85,65,60,4.07,BR,1674579255
479,maniitsoq,65.4167,-52.9,-6.3,93,100,1.34,GL,1674579256
480,banepa,27.6298,85.5214,10.18,71,20,2.06,NP,1674578843
481,dawlatabad,36.4141,64.9053,-4.37,86,80,0.33,AF,1674579256
482,avera,33.194,-82.5271,10.31,50,0,2.9,US,1674578729
483,mata de platano,14.6,-87.2833,24.29,45,14,2.5,HN,1674579257
484,asyut,27.181,31.1837,19.1,37,0,4.72,EG,1674579258
485,bayeux,-7.125,-34.9322,29.35,61,75,5.66,BR,1674579153
486,mandali,33.7499,45.5541,13.86,43,0,1.26,IQ,1674579259
487,ankara,39.9199,32.8543,7.89,55,60,0.62,TR,1674579185
488,xining,36.6167,101.7667,-7.46,14,15,1.04,CN,1674578863
489,santa isabel do rio negro,-0.4139,-65.0192,32.3,45,96,1.92,BR,1674579260
490,ornskoldsvik,63.2909,18.7153,-2.47,100,100,1.03,SE,1674578875
491,petawawa,45.9001,-77.3328,-0.23,80,100,4.12,CA,1674578992
492,arnstadt,50.8333,10.95,0.74,93,75,2.06,DE,1674578815
493,mulanje,-16.0316,35.5,21.32,84,99,1.88,MW,1674579261
494,hutchinson,38.0608,-97.9298,0.41,90,75,1.54,US,1674579065
495,bogatyr,53.4298,49.9455,-10.73,73,0,3.0,RU,1674579262
496,caconda,-13.7333,15.0667,17.81,82,63,3.18,AO,1674579262
497,biryusinsk,55.9634,97.8235,-13.27,97,100,1.58,RU,1674579263
498,karlskoga,59.3267,14.5239,3.62,98,100,5.13,SE,1674579045
499,ambulu,-8.345,113.6058,24.54,90,96,1.17,ID,1674579264
500,asmar,35.0333,71.3581,5.52,76,74,0.41,AF,1674579264
501,los llanos de aridane,28.6585,-17.9182,17.86,71,75,6.71,ES,1674578736
502,north bend,43.4065,-124.2243,3.25,100,0,2.06,US,1674579265
503,dumas,35.8656,-101.9732,-0.77,93,75,0.0,US,1674579266
504,belmonte,-15.8631,-38.8828,29.37,67,82,5.5,BR,1674578800
505,kidal,18.4411,1.4078,31.33,9,0,1.15,ML,1674579199
506,sekoma,-24.4,23.8833,31.7,23,29,4.51,BW,1674579267
507,ulladulla,-35.35,150.4667,19.07,90,94,0.43,AU,1674579267
508,piedras negras,28.7,-100.5167,12.93,95,75,4.12,MX,1674579244
509,presidencia roque saenz pena,-26.7852,-60.4388,40.17,19,0,4.92,AR,1674579268
510,sidrolandia,-20.9319,-54.9614,30.32,55,100,1.81,BR,1674579268
511,warri,5.5167,5.75,31.07,57,63,5.54,NG,1674579269
512,hervey bay,-25.2986,152.8535,23.51,80,14,1.23,AU,1674579269
513,bonavista,48.6499,-53.1147,4.15,89,100,11.61,CA,1674579270
514,batticaloa,7.7102,81.6924,24.58,75,35,3.7,LK,1674579270
515,ayan,56.45,138.1667,-28.16,78,100,4.07,RU,1674578791
516,celestun,20.8667,-90.4,27.66,62,11,3.6,MX,1674579271
517,djibo,14.1022,-1.6306,35.47,10,6,2.55,BF,1674579272
518,comodoro rivadavia,-45.8667,-67.5,20.92,19,0,13.89,AR,1674578738
519,zlobin,45.2924,14.6541,3.61,66,75,4.12,HR,1674579272
520,tongchuan,35.0806,109.0897,-8.63,21,0,0.76,CN,1674579274
521,blagodatnoye,45.3997,42.5867,-0.49,74,4,7.15,RU,1674579275
522,manaus,-3.1019,-60.025,29.28,94,75,4.12,BR,1674579276
523,hot springs,34.5037,-93.0552,5.1,77,100,3.09,US,1674579048
524,haradok,55.4624,29.9816,-5.51,94,100,2.16,BY,1674579276
525,veraval,20.9,70.3667,18.03,40,0,6.42,IN,1674579277
526,raudeberg,61.9875,5.1352,9.98,40,100,14.5,NO,1674579278
527,manavalakurichi,8.1333,77.3,24.74,81,99,3.32,IN,1674579278
528,port hawkesbury,45.6169,-61.3485,-0.23,89,100,10.28,CA,1674579279
529,sept-iles,50.2001,-66.3821,-4.41,73,100,4.47,CA,1674579062
530,verkhnyaya inta,65.9811,60.3094,-9.16,82,86,10.13,RU,1674579279
531,koungou,-12.7336,45.2042,27.84,83,0,10.29,YT,1674579280
532,marawi,7.9986,124.2928,20.05,96,100,1.38,PH,1674579280
533,sao filipe,14.8961,-24.4956,21.41,67,78,1.2,CV,1674578789
534,eenhana,-17.4667,16.3333,25.44,56,84,1.28,,1674579281
535,barra patuca,15.8,-84.2833,26.63,78,68,5.33,HN,1674578779
536,naze,28.3667,129.4833,6.51,79,100,11.66,JP,1674579282
537,flinders,-34.5833,150.8552,17.88,90,74,0.89,AU,1674579178
538,monaragala,6.8714,81.3487,20.97,90,54,2.45,LK,1674579283
539,banjarmasin,-3.3244,114.591,24.08,94,100,1.07,ID,1674579283
540,zonguldak,41.25,31.8333,4.16,86,94,1.11,TR,1674579284
541,bakel,14.905,-12.4568,35.95,10,4,1.84,SN,1674579284
542,cassilandia,-19.1133,-51.7342,26.6,70,99,3.71,BR,1674579284
543,grimshaw,56.1834,-117.6027,-0.21,69,75,5.14,CA,1674579285
544,dwarka,22.2394,68.9678,19.06,41,4,5.45,IN,1674579286
545,isangel,-19.55,169.2667,26.38,88,46,1.74,VU,1674578742
546,kolpashevo,58.3131,82.9089,-32.32,100,12,1.94,RU,1674579286
547,dongying,37.4564,118.4856,-10.87,14,0,2.7,CN,1674579287
548,clovis,36.8252,-119.7029,9.81,80,0,0.36,US,1674579287
549,terre haute,39.4667,-87.4139,4.07,77,0,2.06,US,1674579040
550,roebourne,-20.7833,117.1333,29.07,67,37,1.73,AU,1674579288
551,cabo san lucas,22.8909,-109.9124,20.84,55,98,4.79,MX,1674578880
552,lisakovsk,52.5369,62.4936,-16.86,96,13,3.34,KZ,1674579289
553,bambanglipuro,-7.95,110.2833,25.34,87,100,3.15,ID,1674579290
554,huarmey,-10.0681,-78.1522,24.14,71,61,4.47,PE,1674579290
555,batsfjord,70.6345,29.7185,0.96,80,75,16.46,NO,1674579291
556,passo de camaragibe,-9.2368,-35.4901,31.75,55,15,4.68,BR,1674579291
557,nijar,36.9665,-2.206,8.14,57,75,5.14,ES,1674579292
558,camacha,33.0833,-16.3333,15.68,63,40,5.14,PT,1674578941
559,gwadar,25.1216,62.3254,15.93,29,0,8.38,PK,1674579292
560,marovoay,-16.1,46.6333,24.78,91,100,6.59,MG,1674579293
561,muroto,33.2833,134.15,0.98,69,37,13.13,JP,1674579293
562,guapo,-16.8306,-49.5319,27.21,84,100,1.7,BR,1674579294
563,kangasala,61.4638,24.076,0.55,100,100,3.76,FI,1674579294
564,wufeng,27.45,104.8333,-2.16,79,80,0.74,CN,1674579295
565,chimbarongo,-34.7,-71.05,24.49,19,0,3.28,CL,1674579296
566,nieuw amsterdam,5.8833,-55.0833,27.3,78,40,4.12,SR,1674579297
